{"sim":0.2227769657,"sim_ride":0.3694112737,"sim_run":0.6555847616,"sim_dowfreqs":1.7319211001,"sim_dist":0.239619287,"sim_var":0.9976080034}